{"cameraMode":{"drawMode":0,"name":"Shaded","section":"Shading Mode"},"sceneLighting":true,"audioPlay":false,"sceneViewState":{"showFog":true,"showMaterialUpdate":false,"showSkybox":true,"showFlares":true,"showImageEffects":true,"showParticleSystems":true},"in2DMode":false,"pivot":{"x":-4.189742088317871,"y":6.194190979003906,"z":-1.4885720014572144},"rotation":{"x":-0.4626864194869995,"y":0.5109549164772034,"z":-0.6134596467018127,"w":-0.38537469506263735},"size":10.76639175415039,"orthographic":false}