{"cameraMode":{"drawMode":0,"name":"Shaded","section":"Shading Mode"},"sceneLighting":true,"audioPlay":false,"sceneViewState":{"showFog":true,"showMaterialUpdate":false,"showSkybox":true,"showFlares":true,"showImageEffects":true,"showParticleSystems":true},"in2DMode":false,"pivot":{"x":-2.2754006385803224,"y":-1.911271095275879,"z":-3.5251364707946779},"rotation":{"x":0.6399411559104919,"y":-0.04716608300805092,"z":0.03940608724951744,"w":0.7659620642662048},"size":5.287558555603027,"orthographic":false}